{
  "epoch": 8,
  "train_loss": 0.46249532300919655,
  "macro_f1@0.5": 0.41792866587638855,
  "per_tool_f1@0.5": {
    "Grasper": 0.7506487965583801,
    "Bipolar": 0.24000002443790436,
    "Hook": 0.8128969669342041,
    "Scissors": 0.17506632208824158,
    "Clipper": 0.22782036662101746,
    "Irrigator": 0.1436672955751419,
    "SpecimenBag": 0.5754010677337646
  },
  "mAP(AUPRC_macro)": 0.49718168418533554,
  "AUPRC_micro": 0.7397953101913496,
  "AP_per_tool": {
    "Grasper": 0.8410273967879978,
    "Bipolar": 0.3142653313369256,
    "Hook": 0.9207416996519231,
    "Scissors": 0.1525918727696109,
    "Clipper": 0.20779967690275944,
    "Irrigator": 0.17303174605341443,
    "SpecimenBag": 0.8708140657947178
  },
  "AUROC_macro": 0.8782893101658887,
  "AUROC_per_tool": {
    "Grasper": 0.8456296818011053,
    "Bipolar": 0.9005974167397683,
    "Hook": 0.8771623828874512,
    "Scissors": 0.8677491995021237,
    "Clipper": 0.8292411343688318,
    "Irrigator": 0.8409181189612174,
    "SpecimenBag": 0.9867272369007231
  }
}