{
  "epoch": 8,
  "train_loss": 0.41276038473627075,
  "macro_f1@0.5": 0.4531002938747406,
  "per_tool_f1@0.5": {
    "Grasper": 0.7582332491874695,
    "Bipolar": 0.26112762093544006,
    "Hook": 0.8461198806762695,
    "Scissors": 0.20987652242183685,
    "Clipper": 0.2530612349510193,
    "Irrigator": 0.13618676364421844,
    "SpecimenBag": 0.7070967555046082
  },
  "mAP(AUPRC_macro)": 0.4957109702093185,
  "AUPRC_micro": 0.8105017269899311,
  "AP_per_tool": {
    "Grasper": 0.8443837671836881,
    "Bipolar": 0.33049985756994466,
    "Hook": 0.9206834110265274,
    "Scissors": 0.16558262131618906,
    "Clipper": 0.2110635859969287,
    "Irrigator": 0.12576142523780484,
    "SpecimenBag": 0.8720021231341466
  },
  "AUROC_macro": 0.8810545761115168,
  "AUROC_per_tool": {
    "Grasper": 0.8421370002801085,
    "Bipolar": 0.896595480807042,
    "Hook": 0.8809804235064208,
    "Scissors": 0.8314583788611551,
    "Clipper": 0.8353605346676026,
    "Irrigator": 0.8896972955214074,
    "SpecimenBag": 0.9911529191368814
  }
}