{
  "epoch": 13,
  "train_loss": 0.38275866809852555,
  "macro_f1@0.5": 0.4483320415019989,
  "per_tool_f1@0.5": {
    "Grasper": 0.7697184681892395,
    "Bipolar": 0.30604982376098633,
    "Hook": 0.8273885250091553,
    "Scissors": 0.1592920422554016,
    "Clipper": 0.25196847319602966,
    "Irrigator": 0.13380281627178192,
    "SpecimenBag": 0.6901041269302368
  },
  "mAP(AUPRC_macro)": 0.4891867305230061,
  "AUPRC_micro": 0.7975976241806868,
  "AP_per_tool": {
    "Grasper": 0.844982004555866,
    "Bipolar": 0.3282496408164785,
    "Hook": 0.919334275585977,
    "Scissors": 0.12977106525285115,
    "Clipper": 0.19568905891049704,
    "Irrigator": 0.15560650915686597,
    "SpecimenBag": 0.8506745593825066
  },
  "AUROC_macro": 0.8641907732803549,
  "AUROC_per_tool": {
    "Grasper": 0.8450349841602662,
    "Bipolar": 0.9051574457787592,
    "Hook": 0.8790140845290547,
    "Scissors": 0.7786088914648398,
    "Clipper": 0.7873052440860796,
    "Irrigator": 0.8655884592984185,
    "SpecimenBag": 0.9886263036450658
  }
}