{
  "epoch": 14,
  "train_loss": 0.33522519395382633,
  "macro_f1@0.5": 0.5231163501739502,
  "per_tool_f1@0.5": {
    "Grasper": 0.7702441215515137,
    "Bipolar": 0.2853147089481354,
    "Hook": 0.8505187630653381,
    "Scissors": 0.2244318127632141,
    "Clipper": 0.5784499049186707,
    "Irrigator": 0.12804879248142242,
    "SpecimenBag": 0.8248062133789062
  },
  "mAP(AUPRC_macro)": 0.6316489391882856,
  "AUPRC_micro": 0.7849700931340272,
  "AP_per_tool": {
    "Grasper": 0.856171759919671,
    "Bipolar": 0.32832635001907473,
    "Hook": 0.9394487545826271,
    "Scissors": 0.4912660668544651,
    "Clipper": 0.7160975832261293,
    "Irrigator": 0.13646835864768211,
    "SpecimenBag": 0.9537637010683497
  },
  "AUROC_macro": 0.9317036383160084,
  "AUROC_per_tool": {
    "Grasper": 0.8550430933393718,
    "Bipolar": 0.9139735019208083,
    "Hook": 0.9158491625848116,
    "Scissors": 0.9765836555911332,
    "Clipper": 0.9861065615569675,
    "Irrigator": 0.8774965279333363,
    "SpecimenBag": 0.9968729652856311
  }
}