{
  "epoch": 5,
  "train_loss": 0.6307800584468359,
  "macro_f1@0.5": 0.36800864338874817,
  "per_tool_f1@0.5": {
    "Grasper": 0.753189742565155,
    "Bipolar": 0.23118279874324799,
    "Hook": 0.7992047667503357,
    "Scissors": 0.09066306054592133,
    "Clipper": 0.25047439336776733,
    "Irrigator": 0.0810810849070549,
    "SpecimenBag": 0.37026447057724
  },
  "mAP(AUPRC_macro)": 0.4919138166046205,
  "AUPRC_micro": 0.6464498227175817,
  "AP_per_tool": {
    "Grasper": 0.8447139263753696,
    "Bipolar": 0.22793691198482144,
    "Hook": 0.9116323792398697,
    "Scissors": 0.2634079502945761,
    "Clipper": 0.3389348040312437,
    "Irrigator": 0.13179933762108068,
    "SpecimenBag": 0.7249714066853821
  },
  "AUROC_macro": 0.87925210800127,
  "AUROC_per_tool": {
    "Grasper": 0.8469014922212902,
    "Bipolar": 0.8823164645028586,
    "Hook": 0.8627579320518646,
    "Scissors": 0.876003591551303,
    "Clipper": 0.8928469010037016,
    "Irrigator": 0.8395024117796396,
    "SpecimenBag": 0.9544359628982327
  }
}